<?xml version='1.0' encoding='utf-8'?>
<dapp id="org.elastos.trinity.demo3" version="0.0.1"
    xmlns="http://elastos.org/ns/dapps/1.0">
    <name>demo3</name>
    <description>My sample app3</description>
    <launch_path>index.html</launch_path>
    <icons>
        <big>img/avatar03.png</big>
        <small>img/icon-128.png</small>
    </icons>
    <author name = "ChenDongxiao" email = "chendongxiao@elastos.org">
    Elastos System Team
    </author>
    <default_locale>en</default_locale>
    <plugins>
    </plugins>
    <urls>
        <access href="http://www.baidu.com/*" />
        <access href="https://www.google.com" />
    </urls>
</dapp>
